"","X0.Day","X1.Mo","MeanDecreaseAccuracy","MeanDecreaseGini","site_id","gene_id","Function","protein_desc","org_species","gene_name","scaffold_id","start","end","strand","gene_type"
"8",0.0110552380952381,0.01736,0.0128342063492064,0.362623928130693,"1108628","UHGG144544_01099","Putative anti-FlhC(2)FlhD(4) factor YdiV_1108628","Putative anti-FlhC(2)FlhD(4) factor YdiV","Escherichia coli (strain K12)","ydiV","gnl|Prokka|UHGG144544_1",1107985,1108698,"-","CDS"
"6",0.0127419047619048,0.0179533333333333,0.0135756349206349,0.681103132880193,"1061146","UHGG144544_01055","hypothetical protein(Uncharacterized protein YdhS_ydhS)_1061146","Uncharacterized protein YdhS","Escherichia coli (strain K12)","ydhS","gnl|Prokka|UHGG144544_1",1059689,1061293,"+","CDS"
"3",0.0139238095238095,0.0209566666666667,0.015450873015873,0.43126292860734,"534112","UHGG144544_00524","putative NTE family protein_534112","NTE family protein RssA","Shigella flexneri","rssA","gnl|Prokka|UHGG144544_1",533672,534616,"+","CDS"
"7",0.00891238095238096,0.0358866666666667,0.0182862842712843,0.731313850528558,"1105697","UHGG144544_01096","Phospho-2-dehydro-3-deoxyheptonate aldolase, Trp-sensitive_1105697","Phospho-2-dehydro-3-deoxyheptonate aldolase, Trp-sensitive","Escherichia coli O6:H1 (strain CFT073 / ATCC 700928 / UPEC)","aroH","gnl|Prokka|UHGG144544_1",1105113,1106159,"+","CDS"
"4",0.0189192857142857,0.03391,0.0225966666666667,0.683992263618736,"549747","UHGG144544_00539","Cardiolipin synthase A_549747","Cardiolipin synthase A","Shigella sonnei (strain Ss046)","clsA","gnl|Prokka|UHGG144544_1",549453,550913,"-","CDS"
"2",0.0267895238095238,0.02474,0.0239684126984128,0.581402266099915,"488538","UHGG144544_00481","hypothetical protein(UPF0410 protein YmgE_ymgE)_488538","UPF0410 protein YmgE","Escherichia coli O127:H6 (strain E2348/69 / EPEC)","ymgE","gnl|Prokka|UHGG144544_1",488310,488564,"+","CDS"
"1",0.021692380952381,0.0348133333333334,0.0245808730158731,0.680222685810923,"33361","UHGG144544_00041","6-phosphogluconolactonase_33361","6-phosphogluconolactonase","Shigella dysenteriae serotype 1 (strain Sd197)","pgl","gnl|Prokka|UHGG144544_1",32414,33409,"+","CDS"
"12",0.029052380952381,0.0293666666666667,0.0273631746031746,0.475410459475166,"2946552","UHGG144544_02885","hypothetical protein(Uncharacterized protein YhdP_yhdP)_2946552","Uncharacterized protein YhdP","Escherichia coli (strain K12)","yhdP","gnl|Prokka|UHGG144544_1",2943135,2946935,"-","CDS"
"9",0.0220323809523809,0.04289,0.0283668542568543,0.741062691752693,"1297778","UHGG144544_01287","Trehalose-6-phosphate phosphatase_1297778","Trehalose-6-phosphate phosphatase","Escherichia coli (strain K12)","otsB","gnl|Prokka|UHGG144544_1",1297511,1298311,"-","CDS"
"5",0.029447380952381,0.0357133333333334,0.0292642063492064,0.621837749897163,"686001","UHGG144544_00661","Glucans biosynthesis protein D_686001","Glucans biosynthesis protein D","Shigella sonnei (strain Ss046)","mdoD","gnl|Prokka|UHGG144544_1",685159,686778,"+","CDS"
"10",0.0253304761904762,0.0469966666666667,0.0319789682539683,0.929575445991915,"1592231","UHGG144544_01598","hypothetical protein(Uncharacterized protein YehI_yehI)_1592231","Uncharacterized protein YehI","Escherichia coli (strain K12)","yehI","gnl|Prokka|UHGG144544_1",1590843,1594505,"+","CDS"
"11",0.0276157142857143,0.0467666666666667,0.0329129365079365,0.832851420736129,"1781199","UHGG144544_01759","Protease ElaD_1781199","Protease ElaD","Escherichia coli O139:H28 (strain E24377A / ETEC)","elaD","gnl|Prokka|UHGG144544_1",1780936,1782153,"+","CDS"
