"","X0.Day","X6.Mo","MeanDecreaseAccuracy","MeanDecreaseGini","site_id","gene_id","Function","protein_desc","org_species","gene_name","scaffold_id","start","end","strand","gene_type"
"13",0.00566285714285714,0.00732139971139972,0.00636632919368213,0.595678328013743,"4770953","UHGG144544_04570","Taurine import ATP-binding protein TauB_4770953","Taurine import ATP-binding protein TauB","Escherichia coli O6:K15:H31 (strain 536 / UPEC)","tauB","gnl|Prokka|UHGG144544_1",4770330,4771097,"+","CDS"
"4",0.0103807142857143,0.00520663059163059,0.00665746114996115,0.613212806511517,"761443","UHGG144544_00729","putative D,D-dipeptide transport system permease protein DdpC_761443","Probable D,D-dipeptide transport system permease protein DdpC","Escherichia coli (strain K12)","ddpC","gnl|Prokka|UHGG144544_1",761137,762033,"-","CDS"
"1",0.0152323015873016,0.00960465811965813,0.0110263747363748,0.616862228475216,"288821","UHGG144544_00276","Intermembrane transport protein PqiA_288821","Intermembrane transport protein PqiA","Shigella flexneri","pqiA","gnl|Prokka|UHGG144544_1",287853,289106,"+","CDS"
"8",0.00835595238095238,0.0127558075258076,0.011033054461878,1.0242267234588,"1446900","UHGG144544_01462","Nicotinate-nucleotide--dimethylbenzimidazole phosphoribosyltransferase_1446900","Nicotinate-nucleotide--dimethylbenzimidazole phosphoribosyltransferase","Escherichia coli O45:K1 (strain S88 / ExPEC)","cobT","gnl|Prokka|UHGG144544_1",1446375,1447454,"-","CDS"
"3",0.0095547619047619,0.0148769086469087,0.0127429880903411,0.902373867086765,"573787","UHGG144544_00564","putative protease SohB_573787","Probable protease SohB","Shigella flexneri","sohB","gnl|Prokka|UHGG144544_1",573017,574066,"+","CDS"
"6",0.0236228571428572,0.00936444444444446,0.0138675664041841,1.13810682048884,"973801","UHGG144544_00950","Maltose regulon regulatory protein MalI_973801","Maltose regulon regulatory protein MalI","Escherichia coli (strain K12)","malI","gnl|Prokka|UHGG144544_1",973433,974461,"-","CDS"
"11",0.0269409523809524,0.00775873237873238,0.0139047085430909,0.980341648362943,"2686169","UHGG144544_02637","Hydrogenase-2 small chain_2686169","Hydrogenase-2 small chain","Escherichia coli O6:H1 (strain CFT073 / ATCC 700928 / UPEC)","hybO","gnl|Prokka|UHGG144544_1",2685284,2686402,"-","CDS"
"2",0.0194592857142857,0.0125497907647908,0.0140339557664558,0.672921020030042,"288828","UHGG144544_00276","Intermembrane transport protein PqiA_288828","Intermembrane transport protein PqiA","Shigella flexneri","pqiA","gnl|Prokka|UHGG144544_1",287853,289106,"+","CDS"
"12",0.0366797619047619,0.00747328282828283,0.0161294611434318,0.903057430328532,"4253375","UHGG144544_04073","L-galactonate-5-dehydrogenase_4253375","L-galactonate-5-dehydrogenase","Escherichia coli (strain K12)","lgoD","gnl|Prokka|UHGG144544_1",4252470,4253492,"+","CDS"
"10",0.0239492857142857,0.0132266161616162,0.0161467871017871,0.968093310472569,"1592231","UHGG144544_01598","hypothetical protein(Uncharacterized protein YehI_yehI)_1592231","Uncharacterized protein YehI","Escherichia coli (strain K12)","yehI","gnl|Prokka|UHGG144544_1",1590843,1594505,"+","CDS"
"7",0.0343061904761905,0.0102283233433234,0.0174193480375834,1.18602488670489,"1340911","UHGG144544_01340","putative diguanylate cyclase DgcQ_1340911","Probable diguanylate cyclase DgcQ","Escherichia coli (strain UTI89 / UPEC)","dgcQ","gnl|Prokka|UHGG144544_1",1340794,1342488,"-","CDS"
"5",0.0403440476190476,0.0150622510822511,0.0225784905290788,1.25339452752359,"761449","UHGG144544_00729","putative D,D-dipeptide transport system permease protein DdpC_761449","Probable D,D-dipeptide transport system permease protein DdpC","Escherichia coli (strain K12)","ddpC","gnl|Prokka|UHGG144544_1",761137,762033,"-","CDS"
"9",0.0518845238095238,0.0323256532356532,0.0372203443778444,2.09099258027163,"1447342","UHGG144544_01462","Nicotinate-nucleotide--dimethylbenzimidazole phosphoribosyltransferase_1447342","Nicotinate-nucleotide--dimethylbenzimidazole phosphoribosyltransferase","Escherichia coli O45:K1 (strain S88 / ExPEC)","cobT","gnl|Prokka|UHGG144544_1",1446375,1447454,"-","CDS"
