"","X0.Day","X2.Wk","MeanDecreaseAccuracy","MeanDecreaseGini","site_id","gene_id","Function","protein_desc","org_species","gene_name","scaffold_id","start","end","strand","gene_type"
"4",-0.00316261904761905,0.00694536463536463,0.00336489701474995,0.399879521671719,"1108628","UHGG144544_01099","Putative anti-FlhC(2)FlhD(4) factor YdiV_1108628","Putative anti-FlhC(2)FlhD(4) factor YdiV","Escherichia coli (strain K12)","ydiV","gnl|Prokka|UHGG144544_1",1107985,1108698,"-","CDS"
"14",0.000789761904761904,0.00599210178710178,0.00428659802615684,0.539594566275066,"1592231","UHGG144544_01598","hypothetical protein(Uncharacterized protein YehI_yehI)_1592231","Uncharacterized protein YehI","Escherichia coli (strain K12)","yehI","gnl|Prokka|UHGG144544_1",1590843,1594505,"+","CDS"
"12",-0.00433357142857142,0.00860360916860918,0.00450630112491567,0.615898626919255,"1444865","UHGG144544_01459","HTH-type transcriptional regulator ArgP_1444865","Nitrogen assimilation regulatory protein nac","Escherichia coli (strain K12)","nac","gnl|Prokka|UHGG144544_1",1444004,1444921,"-","CDS"
"7",-0.000292857142857143,0.00710394105894106,0.00462616199160317,0.346896642912992,"1224440","UHGG144544_01215","hypothetical protein(Uncharacterized protein YobH_yobH)_1224440","Uncharacterized protein YobH","Shigella dysenteriae serotype 1 (strain Sd197)","yobH","gnl|Prokka|UHGG144544_1",1224260,1224499,"+","CDS"
"16",-0.00509309523809524,0.00942189421689423,0.00483089607674747,0.485257432428462,"3279019","UHGG144544_03208","Xylose operon regulatory protein_3279019","Xylose operon regulatory protein","Escherichia coli O6:H1 (strain CFT073 / ATCC 700928 / UPEC)","xylR","gnl|Prokka|UHGG144544_1",3277886,3279064,"+","CDS"
"13",0.00193047619047619,0.00679474636474636,0.00521165878239407,0.542892297105813,"1552818","UHGG144544_01562","Multidrug resistance protein MdtC_1552818","Multidrug resistance protein MdtC","Escherichia fergusonii (strain ATCC 35469 / DSM 13698 / CCUG 18766 / IAM 14443 / JCM 21226 / LMG 7866 / NBRC 102419 / NCTC 12128 / CDC 0568-73)","mdtC","gnl|Prokka|UHGG144544_1",1550142,1553219,"+","CDS"
"6",0.00183785714285714,0.00764798035298035,0.00539342085932643,0.352950572162109,"1223817","UHGG144544_01214","hypothetical protein(Uncharacterized protein YebO_yebO)_1223817","Uncharacterized protein YebO","Escherichia coli O6:H1 (strain CFT073 / ATCC 700928 / UPEC)","yebO","gnl|Prokka|UHGG144544_1",1223596,1223883,"-","CDS"
"2",0.00909285714285715,0.00524882894882895,0.00623652439064203,0.484081951488277,"590942","UHGG144544_00582","Exoribonuclease 2_590942","Exoribonuclease 2","Escherichia coli O17:K52:H18 (strain UMN026 / ExPEC)","rnb","gnl|Prokka|UHGG144544_1",590645,592579,"-","CDS"
"11",-0.00287166666666667,0.0115169702519703,0.00697038644276261,0.476920980721381,"1324606","UHGG144544_01318","hypothetical protein(UPF0394 inner membrane protein YedE_yedE)_1324606","UPF0394 inner membrane protein YedE","Escherichia coli (strain K12)","yedE","gnl|Prokka|UHGG144544_1",1323950,1325155,"+","CDS"
"1",0.0160038095238095,0.00416287101787101,0.00758810976605095,0.527657863952004,"399831","UHGG144544_00394","Ribonuclease E_399831","Ribonuclease E","Escherichia coli (strain K12)","rne","gnl|Prokka|UHGG144544_1",398100,401285,"-","CDS"
"8",0.00749095238095238,0.00789827228327228,0.00770385679679798,0.632408809144771,"1307383","UHGG144544_01297","hypothetical protein(Uncharacterized protein YecA_yecA)_1307383","Uncharacterized protein YecA","Shigella flexneri","yecA","gnl|Prokka|UHGG144544_1",1306866,1307531,"-","CDS"
"17",0.00883571428571429,0.00776823842823844,0.00796341097241253,0.765434046974596,"3829996","UHGG144544_03688","2-iminoacetate synthase_3829996","2-iminoacetate synthase","Escherichia coli (strain K12)","thiH","gnl|Prokka|UHGG144544_1",3829330,3830463,"-","CDS"
"10",0.0179788095238095,0.00492644078144078,0.0086874780070291,0.547448482928342,"1324099","UHGG144544_01318","hypothetical protein(UPF0394 inner membrane protein YedE_yedE)_1324099","UPF0394 inner membrane protein YedE","Escherichia coli (strain K12)","yedE","gnl|Prokka|UHGG144544_1",1323950,1325155,"+","CDS"
"15",0.00911071428571428,0.0102346037296038,0.00936678909325969,0.74471514542754,"2814524","UHGG144544_02757","PFL-like enzyme TdcE_2814524","PFL-like enzyme TdcE","Escherichia coli (strain K12)","tdcE","gnl|Prokka|UHGG144544_1",2814506,2816800,"-","CDS"
"9",0.0215580952380952,0.00574221889221889,0.00977302338184694,0.667407014598562,"1311138","UHGG144544_01303","Response regulator UvrY_1311138","Response regulator UvrY","Escherichia coli O6:H1 (strain CFT073 / ATCC 700928 / UPEC)","uvrY","gnl|Prokka|UHGG144544_1",1310614,1311270,"-","CDS"
"19",0.0217766666666667,0.00597262959262959,0.0100540344296227,0.677585664714116,"4119626","UHGG144544_03960","HTH-type transcriptional regulator TreR_4119626","HTH-type transcriptional regulator TreR","Escherichia coli (strain K12)","treR","gnl|Prokka|UHGG144544_1",4119497,4120444,"-","CDS"
"3",0.0152076190476191,0.00885578865578867,0.0105096388741977,0.732240367178919,"759282","UHGG144544_00727","putative D,D-dipeptide transport ATP-binding protein DdpF_759282","Probable D,D-dipeptide transport ATP-binding protein DdpF","Escherichia coli (strain K12)","ddpF","gnl|Prokka|UHGG144544_1",759235,760161,"-","CDS"
"20",0.0340735714285715,0.00886783494283495,0.015902412179324,1.01487459126152,"4301559","UHGG144544_04123","Threonine synthase_4301559","Threonine synthase","Escherichia coli (strain K12)","thrC","gnl|Prokka|UHGG144544_1",4301461,4302747,"+","CDS"
"18",0.0341833333333333,0.0145323487623488,0.0195018351256587,1.08609497745886,"4119599","UHGG144544_03960","HTH-type transcriptional regulator TreR_4119599","HTH-type transcriptional regulator TreR","Escherichia coli (strain K12)","treR","gnl|Prokka|UHGG144544_1",4119497,4120444,"-","CDS"
"5",0.0164404761904762,0.0276750793650794,0.0234684450843275,1.31829092341266,"1223806","UHGG144544_01214","hypothetical protein(Uncharacterized protein YebO_yebO)_1223806","Uncharacterized protein YebO","Escherichia coli O6:H1 (strain CFT073 / ATCC 700928 / UPEC)","yebO","gnl|Prokka|UHGG144544_1",1223596,1223883,"-","CDS"
