"","X0.Day","X2.Mo","MeanDecreaseAccuracy","MeanDecreaseGini","site_id","gene_id","Function","protein_desc","org_species","gene_name","scaffold_id","start","end","strand","gene_type"
"4",0.000268095238095238,0.00786923964923964,0.0054515511449335,0.554829286186613,"761443","UHGG144544_00729","putative D,D-dipeptide transport system permease protein DdpC_761443","Probable D,D-dipeptide transport system permease protein DdpC","Escherichia coli (strain K12)","ddpC","gnl|Prokka|UHGG144544_1",761137,762033,"-","CDS"
"8",0.00308833333333333,0.00863103896103897,0.00696409911983442,0.747049815160261,"1345988","UHGG144544_01345","DNA-cytosine methyltransferase_1345988","DNA-cytosine methyltransferase","Escherichia coli O157:H7","dcm","gnl|Prokka|UHGG144544_1",1345370,1346788,"-","CDS"
"5",0.021582380952381,0.00128943944943945,0.00736269341769341,0.737025371364001,"956131","UHGG144544_00934","Putative arginine/ornithine antiporter_956131","Putative arginine/ornithine antiporter","Shigella flexneri","ydgI","gnl|Prokka|UHGG144544_1",954839,956221,"+","CDS"
"1",0.00850357142857143,0.0078120707070707,0.0079985017107076,0.741825071130116,"616990","UHGG144544_00602","4-aminobutyrate aminotransferase PuuE_616990","4-aminobutyrate aminotransferase PuuE","Escherichia coli (strain K12)","puuE","gnl|Prokka|UHGG144544_1",616322,617587,"+","CDS"
"10",0.01162,0.00642930014430014,0.00837523670773671,0.643214195550564,"1470708","UHGG144544_01491","Exodeoxyribonuclease I_1470708","Exodeoxyribonuclease I","Escherichia coli (strain K12)","sbcB","gnl|Prokka|UHGG144544_1",1470601,1472028,"+","CDS"
"3",0.017645,0.0112783427683428,0.0131047164763341,1.05097291454175,"706922","UHGG144544_00683","NADPH-dependent curcumin reductase_706922","NADPH-dependent curcumin reductase","Escherichia coli (strain K12)","curA","gnl|Prokka|UHGG144544_1",706677,707714,"+","CDS"
"9",0.0187126190476191,0.0106735814185814,0.0131240254190255,0.818689205696733,"1443156","UHGG144544_01458","HTH-type transcriptional regulator cbl_1443156","HTH-type transcriptional regulator cbl","Escherichia coli (strain K12)","cbl","gnl|Prokka|UHGG144544_1",1442952,1443902,"-","CDS"
"6",0.0156635714285714,0.0120907864357864,0.0133959766050943,1.03878101861365,"1105697","UHGG144544_01096","Phospho-2-dehydro-3-deoxyheptonate aldolase, Trp-sensitive_1105697","Phospho-2-dehydro-3-deoxyheptonate aldolase, Trp-sensitive","Escherichia coli O6:H1 (strain CFT073 / ATCC 700928 / UPEC)","aroH","gnl|Prokka|UHGG144544_1",1105113,1106159,"+","CDS"
"12",0.033107380952381,0.0056132967032967,0.0146772763347764,1.17287199944168,"4421588","UHGG144544_04227","GMP reductase_4421588","GMP reductase","Shigella sonnei (strain Ss046)","guaC","gnl|Prokka|UHGG144544_1",4420902,4421945,"+","CDS"
"2",0.0274919047619048,0.0108401753801754,0.015427604029957,1.09164871242206,"653068","UHGG144544_00638","hypothetical protein(Uncharacterized protein YdbH_ydbH)_653068","Uncharacterized protein YdbH","Escherichia coli (strain K12)","ydbH","gnl|Prokka|UHGG144544_1",652711,655350,"+","CDS"
"11",0.0244207142857143,0.0125014918414919,0.0162244652569654,1.222039767192,"1592231","UHGG144544_01598","hypothetical protein(Uncharacterized protein YehI_yehI)_1592231","Uncharacterized protein YehI","Escherichia coli (strain K12)","yehI","gnl|Prokka|UHGG144544_1",1590843,1594505,"+","CDS"
"13",0.0361519047619047,0.0253754240204241,0.0278509466024173,1.50049851587369,"4679868","UHGG144544_04493","putative outer membrane usher protein EcpC_4679868","Probable outer membrane usher protein EcpC","Escherichia coli O18:K1:H7 (strain IHE3034 / ExPEC)","ecpC","gnl|Prokka|UHGG144544_1",4679760,4682285,"-","CDS"
"7",0.0725145238095236,0.0182769791319792,0.0342717532141063,1.80093660506551,"1270276","UHGG144544_01264","Trimethylamine-N-oxide reductase 2_1270276","Trimethylamine-N-oxide reductase 2","Escherichia coli O6:H1 (strain CFT073 / ATCC 700928 / UPEC)","torZ","gnl|Prokka|UHGG144544_1",1269659,1272088,"-","CDS"
