SeqID,Sample,MouseID,DaysSinceAbx,Trxt,FMT,BDQorVehicle,WeightGrams
E24M1D0,24-1-0,1,0,HC+BDQ,HC,BDQ,19.1
E24M2D0,24-2-0,2,0,HC+BDQ,HC,BDQ,20.9
E24M3D0,24-3-0,3,0,HC+BDQ,HC,BDQ,22.1
E24M4D0,24-4-0,4,0,HC+BDQ,HC,BDQ,19.7
E24M5D0,24-5-0,5,0,HC+BDQ,HC,BDQ,21.4
E24M6D0,24-6-0,6,0,HC-BDQ,HC,VEH,19.2
E24M7D0,24-7-0,7,0,HC-BDQ,HC,VEH,18.3
E24M8D0,24-8-0,8,0,HC-BDQ,HC,VEH,20.2
E24M9D0,24-9-0,9,0,TC+BDQ,TC,BDQ,19.7
E24M10D0,24-10-0,10,0,TC+BDQ,TC,BDQ,18.7
E24M11D0,24-11-0,11,0,TC+BDQ,TC,BDQ,19.3
E24M12D0,24-12-0,12,0,TC+BDQ,TC,BDQ,18.1
E24M13D0,24-13-0,13,0,TC+BDQ,TC,BDQ,18.4
E24M14D0,24-14-0,14,0,TC-BDQ,TC,VEH,21.5
E24M15D0,24-15-0,15,0,TC-BDQ,TC,VEH,21.2
E24M16D0,24-16-0,16,0,TC-BDQ,TC,VEH,20.8
E24M1D3,24-1-3,1,3,HC+BDQ,HC,BDQ,
E24M2D3,24-2-3,2,3,HC+BDQ,HC,BDQ,
E24M3D3,24-3-3,3,3,HC+BDQ,HC,BDQ,
E24M4D3,24-4-3,4,3,HC+BDQ,HC,BDQ,
E24M5D3,24-5-3,5,3,HC+BDQ,HC,BDQ,
E24M6D3,24-6-3,6,3,HC-BDQ,HC,VEH,
E24M7D3,24-7-3,7,3,HC-BDQ,HC,VEH,
E24M8D3,24-8-3,8,3,HC-BDQ,HC,VEH,
E24M9D3,24-9-3,9,3,TC+BDQ,TC,BDQ,
E24M10D3,24-10-3,10,3,TC+BDQ,TC,BDQ,
E24M11D3,24-11-3,11,3,TC+BDQ,TC,BDQ,
E24M12D3,24-12-3,12,3,TC+BDQ,TC,BDQ,
E24M13D3,24-13-3,13,3,TC+BDQ,TC,BDQ,
E24M14D3,24-14-3,14,3,TC-BDQ,TC,VEH,
E24M15D3,24-15-3,15,3,TC-BDQ,TC,VEH,
E24M16D3,24-16-3,16,3,TC-BDQ,TC,VEH,
E24MBD13,24-Blank-13,Blank,13,blank,,,
E24M2D13,24-2-13,2,13,HC+BDQ,HC,BDQ,23
E24M3D13,24-3-13,3,13,HC+BDQ,HC,BDQ,21
E24M4D13,24-4-13,4,13,HC+BDQ,HC,BDQ,17.5
E24M5D13,24-5-13,5,13,HC+BDQ,HC,BDQ,18.4
E24M6D13,24-6-13,6,13,HC-BDQ,HC,VEH,19
E24M7D13,24-7-13,7,13,HC-BDQ,HC,VEH,16.8
E24M8D13,24-8-13,8,13,HC-BDQ,HC,VEH,19.7
E24M9D13,24-9-13,9,13,TC+BDQ,TC,BDQ,20.7
E24M10D13,24-10-13,10,13,TC+BDQ,TC,BDQ,19.1
E24M11D13,24-11-13,11,13,TC+BDQ,TC,BDQ,18.4
E24M12D13,24-12-13,12,13,TC+BDQ,TC,BDQ,18.8
E24M13D13,24-13-13,13,13,TC+BDQ,TC,BDQ,19.5
E24M14D13,24-14-13,14,13,TC-BDQ,TC,VEH,19.8
E24M15D13,24-15-13,15,13,TC-BDQ,TC,VEH,19.9
E24M16D13,24-16-13,16,13,TC-BDQ,TC,VEH,21.5
E24MBD15,24-Blank-15,Blank,15,blank,,,
E24M2D15,24-3-15,3,15,HC+BDQ,HC,BDQ,
E24M3D15,24-2-15,2,15,HC+BDQ,HC,BDQ,
E24M4D15,24-4-15,4,15,HC+BDQ,HC,BDQ,
E24M5D15,24-5-15,5,15,HC+BDQ,HC,BDQ,
E24M6D15,24-6-15,6,15,HC-BDQ,HC,VEH,
E24M7D15,24-7-15,7,15,HC-BDQ,HC,VEH,
E24M8D15,24-8-15,8,15,HC-BDQ,HC,VEH,
E24M9D15,24-9-15,9,15,TC+BDQ,TC,BDQ,
E24M10D15,24-10-15,10,15,TC+BDQ,TC,BDQ,
E24M11D15,24-11-15,11,15,TC+BDQ,TC,BDQ,
E24M12D15,24-12-15,12,15,TC+BDQ,TC,BDQ,
E24M13D15,24-13-15,13,15,TC+BDQ,TC,BDQ,
E24M14D15,24-14-15,14,15,TC-BDQ,TC,VEH,
E24M15D15,24-15-15,15,15,TC-BDQ,TC,VEH,
E24M16D15,24-16-15,16,15,TC-BDQ,TC,VEH,
E24M2D17,24-3-17,3,17,HC+BDQ,HC,BDQ,
E24M3D17,24-2-17,2,17,HC+BDQ,HC,BDQ,
E24M4D17,24-5-17,5,17,HC+BDQ,HC,BDQ,
E24M5D17,24-4-17,4,17,HC+BDQ,HC,BDQ,
E24M6D17,24-6-17,6,17,HC-BDQ,HC,VEH,
E24M7D17,24-7-17,7,17,HC-BDQ,HC,VEH,
E24M8D17,24-8-17,8,17,HC-BDQ,HC,VEH,
E24M10D17,24-10-17,10,17,TC+BDQ,TC,BDQ,
E24M11D17,24-11-17,11,17,TC+BDQ,TC,BDQ,
E24M12D17,24-12-17,12,17,TC+BDQ,TC,BDQ,
E24M13D17,24-13-17,13,17,TC+BDQ,TC,BDQ,
E24M14D17,24-14-17,14,17,TC-BDQ,TC,VEH,
E24M15D17,24-15-17,15,17,TC-BDQ,TC,VEH,
E24M16D17,24-16-17,16,17,TC-BDQ,TC,VEH,
E24M2D19,24-2-19,2,19,HC+BDQ,HC,BDQ,
E24M3D19,24-3-19,3,19,HC+BDQ,HC,BDQ,
E24M4D19,24-5-19,5,19,HC+BDQ,HC,BDQ,
E24M5D19,24-4-19,4,19,HC+BDQ,HC,BDQ,
E24M6D19,24-6-19,6,19,HC-BDQ,HC,VEH,
E24M7D19,24-7-19,7,19,HC-BDQ,HC,VEH,
E24M8D19,24-8-19,8,19,HC-BDQ,HC,VEH,
E24M9D19,24-9-19,9,19,TC+BDQ,TC,BDQ,
E24M10D19,24-10-19,10,19,TC+BDQ,TC,BDQ,
E24M11D19,24-11-19,11,19,TC+BDQ,TC,BDQ,
E24M12D19,24-12-19,12,19,TC+BDQ,TC,BDQ,
E24M13D19,24-13-19,13,19,TC+BDQ,TC,BDQ,
E24M14D19,24-14-19,14,19,TC-BDQ,TC,VEH,
E24M15D19,24-15-19,15,19,TC-BDQ,TC,VEH,
E24M16D19,24-16-19,16,19,TC-BDQ,TC,VEH,
E24M4D20,24-5-20,5,20,HC+BDQ,HC,BDQ,19.8
E24M5D20,24-4-20,4,20,HC+BDQ,HC,BDQ,20.3
E24M6D20,24-6-20,6,20,HC-BDQ,HC,VEH,19.7
E24M7D20,24-7-20,7,20,HC-BDQ,HC,VEH,20.3
E24M8D20,24-8-20,8,20,HC-BDQ,HC,VEH,20.3
E24M9D20,24-9-20,9,20,TC+BDQ,TC,BDQ,19.7
E24M10D20,24-10-20,10,20,TC+BDQ,TC,BDQ,19.5
E24M11D20,24-11-20,11,20,TC+BDQ,TC,BDQ,17.3
E24M12D20,24-12-20,12,20,TC+BDQ,TC,BDQ,19.2
E24M13D20,24-13-20,13,20,TC+BDQ,TC,BDQ,16.5
E24M14D20,24-14-20,14,20,TC-BDQ,TC,VEH,23
E24M15D20,24-15-20,15,20,TC-BDQ,TC,VEH,19.7
E24M16D20,24-16-20,16,20,TC-BDQ,TC,VEH,21.1
E24MTCD0,24-TC-0,TC,0,FMT,TC,,
E24MHCD0,24-HC-0,HC,0,FMT,HC,,
E24MTCD1,24-TC-1,TC,1,FMT,TC,,
E24MHCD1,24-HC-1,HC,1,FMT,HC,,
E24MTCD2,24-TC-2,TC,2,FMT,TC,,
E24MHCD2,24-HC-2,HC,2,FMT,HC,,
