SampleType,PID,Visit,Visit.Order,Treatment.Initiation.Date,Sex,Age,Weight,Height,BMI,TTP1,TTP2,Av_TTP,GeneXpert.Detection.Level,Prior.TB.Treatment.Check,Prior.Treatment.Date,Prior.Treatment.Regimen,Prior.Treatment.Outcome,HIV.Status,LDMS_VID,Event_Name,Stool.Specimen.ID,LDMS_Stool_Collection_Date,Days.from.Treatment.Initiation.Stool,Paxgene.Specimen.ID,LDMS_Paxgene_Collection_Date,Days.from.Treatment.Initiation.Paxgene,Last_Dose_Date,Days_after_Last_Dose_Date_that_stool_was_collected
fecal/blood,1930001T,0 Day,1,4/1/19,Male,33,45.4,1.715,15.44,239,234,236.5,Medium,Yes,1/1/18,First-line drugs (HRZE),Got better,Positive,0 Day,Day 0,CEB015PD-01,4/2/19,1,CEB015P4-01,4/2/19,1,,
fecal/blood,1930001T,2 Wk,2,4/1/19,Male,33,48.86,1.715,16.61,Contaminated,Contaminated,NA,NA,Yes,1/1/18,First-line drugs (HRZE),Got better,Positive,2 Wk,Week 2,BEB015Z5-01,4/16/19,15,BEB015Y8-01,4/16/19,15,,
fecal/blood,1930001T,2 Mo,4,4/1/19,Male,33,46.3,1.715,15.74,Negative,Negative,1000,NA,Yes,1/1/18,First-line drugs (HRZE),Got better,Positive,2 Mo,Month 2,FEB017T1-01,5/29/19,58,GEB017TC-01,5/29/19,58,,
fecal/blood,1930001T,6 Mo,5,4/1/19,Male,33,52,1.715,17.68,NA,NA,1000,NA,Yes,1/1/18,First-line drugs (HRZE),Got better,Positive,6 Mo,Month 6,0487-0097TH00-001,9/16/19,168,0487-0097WF00-001,9/16/19,168,,
fecal/blood,1930001T,24 Mo,6,4/1/19,Male,33,NA,1.715,NA,NA,NA,1000,NA,Yes,1/1/18,First-line drugs (HRZE),Got better,Positive,24 Mo,Treatment Complete,0487-00CWFD00-001,1/14/21,654,0487-00CW5H00-001,1/14/21,654,12/1/20,44
fecal/blood,1930002T,0 Day,1,4/2/19,Male,29,40,1.66,14.52,79,71,75,Low,Yes,NA,First-line drugs (HRZE),Did not get better,Positive,0 Day,Day 0,JEB015R3-01,4/3/19,1,GEB015RJ-01,4/3/19,1,,
fecal/blood,1930002T,2 Wk,2,4/2/19,Male,29,40.45,1.66,14.68,180,180,180,NA,Yes,NA,First-line drugs (HRZE),Did not get better,Positive,2 Wk,Week 2,JEB015ZH-01,4/16/19,14,EEB015YL-01,4/16/19,14,,
fecal/blood,1930002T,2 Mo,4,4/2/19,Male,29,39.1,1.66,14.19,433,388,410.5,NA,Yes,NA,First-line drugs (HRZE),Did not get better,Positive,2 Mo,Month 2,AEB017SQ-01,5/29/19,57,BEB017TF-01,5/29/19,57,,
fecal/blood,1930002T,6 Mo,5,4/2/19,Male,29,43.1,1.66,15.64,NA,NA,1000,NA,Yes,NA,First-line drugs (HRZE),Did not get better,Positive,6 Mo,Month 6,0267-01RTSG00-001,9/19/19,170,0267-01RTVC00-001,9/19/19,170,,
fecal/blood,1930002T,24 Mo,6,4/2/19,Male,29,NA,1.66,NA,NA,NA,1000,NA,Yes,NA,First-line drugs (HRZE),Did not get better,Positive,24 Mo,Treatment Complete,0267-026N5F00-001,3/16/21,714,0267-026N7C00-001,3/16/21,714,12/7/20,99
fecal/blood,1930003T,0 Day,1,4/16/19,Female,21,38.29,1.335,21.48,Contaminated,Contaminated,NA,High,No,NA,NA,NA,Negative,0 Day,Day 0,HEB0160W-01,4/17/19,1,JEB0161G-01,4/17/19,1,,
fecal/blood,1930003T,2 Wk,2,4/16/19,Female,21,35.68,1.335,20.02,147,148,147.5,NA,No,NA,NA,NA,Negative,2 Wk,Week 2,BEB016HJ-01,5/1/19,15,FEB016L2-01,5/2/19,16,,
fecal/blood,1930003T,2 Mo,4,4/16/19,Female,21,33.6,1.335,18.85,NA,NA,NA,NA,No,NA,NA,NA,Negative,2 Mo,Month 2,0487-008ZPE00-001,6/19/19,64,0487-008ZDB00-001,6/18/19,63,,
fecal/blood,1930003T,6 Mo,5,4/16/19,Female,21,33.5,1.335,18.8,Contaminated,Contaminated,1000,NA,No,NA,NA,NA,Negative,6 Mo,Month 6,0487-00997J00-001,10/3/19,170,0487-0099CC00-001,10/3/19,170,,
fecal/blood,1930003T,24 Mo,6,4/16/19,Female,21,NA,1.335,NA,NA,NA,1000,NA,No,NA,NA,NA,Negative,24 Mo,Treatment Complete,0487-00CWHG00-001,1/14/21,639,0487-00CW7E00-001,1/14/21,639,12/26/20,19
fecal/blood,1930004T,0 Day,1,4/28/19,Male,29,50.6,1.65,18.59,165,167,166,Medium,Yes,NA,First-line drugs (HRZE),Got better,Positive,0 Day,Day 0,CEB016FP-01,4/29/19,1,KEB016CG-01,4/29/19,1,,
fecal/blood,1930004T,2 Wk,2,4/28/19,Male,29,51.3,1.65,18.84,Contaminated,586,586,NA,Yes,NA,First-line drugs (HRZE),Got better,Positive,2 Wk,Week 2,BEB01732-01,5/13/19,15,JEB0173G-01,5/13/19,15,,
fecal/blood,1930004T,2 Mo,4,4/28/19,Male,29,52.2,1.65,19.17,contaminated,Negative,1000,NA,Yes,NA,First-line drugs (HRZE),Got better,Positive,2 Mo,Month 2,0487-008ZVC00-001,6/24/19,57,0487-00906D00-001,6/24/19,57,,
fecal,1930004T,6 Mo,5,4/28/19,Male,29,55.45,1.65,20.37,Contaminated,Contaminated,1000,NA,Yes,NA,First-line drugs (HRZE),Got better,Positive,6 Mo,Month 6,0487-009C4A00-001,10/21/19,176,0487-009BWA00-001,10/21/19,176,,
fecal/blood,1930006T,0 Day,1,5/8/19,Male,27,56.59,1.78,17.86,93,88,90.5,Medium,Yes,5/3/19,First-line drugs (HRZE),Did not get better,Negative,0 Day,Day 0,0487-0091TG00-001,5/9/19,1,GEB016VZ-01,5/9/19,1,,
fecal/blood,1930006T,2 Wk,2,5/8/19,Male,27,55.9,1.78,17.64,Contaminated,Contaminated,NA,NA,Yes,5/3/19,First-line drugs (HRZE),Did not get better,Negative,2 Wk,Week 2,BEB017JP-01,5/22/19,14,JEB017KK-01,5/22/19,14,,
fecal/blood,1930006T,2 Mo,4,5/8/19,Male,27,55.9,1.78,17.64,Negative,Contaminated,1000,NA,Yes,5/3/19,First-line drugs (HRZE),Did not get better,Negative,2 Mo,Month 2,0487-00914B00-001,7/8/19,61,0487-00916A00-001,7/8/19,61,,
fecal/blood,1930006T,6 Mo,5,5/8/19,Male,27,63.5,1.78,20.04,NA,NA,1000,NA,Yes,5/3/19,First-line drugs (HRZE),Did not get better,Negative,6 Mo,Month 6,0267-01S1RC00-001,10/24/19,169,0267-01S1TG00-001,10/24/19,169,,
fecal/blood,1930006T,24 Mo,6,5/8/19,Male,27,NA,1.78,NA,NA,NA,1000,NA,Yes,5/3/19,First-line drugs (HRZE),Did not get better,Negative,24 Mo,Treatment Complete,0267-027D7F00-001,4/30/21,723,0267-027D9K00-001,4/30/21,723,1/9/21,111
fecal/blood,1930007T,0 Day,1,5/12/19,Male,28,47.27,1.68,16.7481576,93,92,92.5,High,Yes,3/1/15,First-line drugs (HRZE),Got better,Negative,0 Day,Day 0,GEB0172R-01,5/13/19,1,JEB0173T-01,5/13/19,1,,
fecal/blood,1930007T,2 Wk,2,5/12/19,Male,28,47.7,1.68,16.9005102,238,Contaminated,238,NA,Yes,3/1/15,First-line drugs (HRZE),Got better,Negative,2 Wk,Week 2,HEB017NH-01,5/27/19,15,BEB017NW-01,5/27/19,15,,
fecal/blood,1930007T,2 Mo,4,5/12/19,Male,28,47.27,1.68,16.7481576,contaminated,contaminated,NA,NA,Yes,3/1/15,First-line drugs (HRZE),Got better,Negative,2 Mo,Month 2,0487-00912F00-001,7/8/19,57,0487-00918H00-001,7/8/19,57,,
fecal/blood,1930007T,6 Mo,5,5/12/19,Male,28,49.2,1.68,17.43197279,Contaminated,Contaminated,1000,NA,Yes,3/1/15,First-line drugs (HRZE),Got better,Negative,6 Mo,Month 6,0267-01S97G00-001,11/14/19,186,0267-01S99F00-001,11/14/19,186,,
fecal/blood,1930009T,0 Day,1,6/25/19,Male,37,65.45,1.8,20.20061728,96,96,96,Medium,Yes,1/1/16,First-line drugs (HRZE),Got better,Negative,0 Day,Day 0,0487-0090BA00-001,6/25/19,0,0487-0090GA00-001,6/25/19,0,,
fecal/blood,1930009T,2 Wk,2,6/25/19,Male,37,66.8,1.8,20.61728395,234,235,234.5,NA,Yes,1/1/16,First-line drugs (HRZE),Got better,Negative,2 Wk,Week 2,0487-0091CE00-001,7/9/19,14,0487-0091KD00-001,7/9/19,14,,
fecal/blood,1930009T,2 Mo,4,6/25/19,Male,37,69.5,1.8,21.45061728,Negative,Negative,1000,NA,Yes,1/1/16,First-line drugs (HRZE),Got better,Negative,2 Mo,Month 2,0487-0095PC00-001,8/20/19,56,0487-0095QJ00-001,8/20/19,56,,
fecal/blood,1930009T,6 Mo,5,6/25/19,Male,37,68,1.8,20.98765432,Negative,Contaminated,1000,NA,Yes,1/1/16,First-line drugs (HRZE),Got better,Negative,6 Mo,Month 6,0267-01TFPJ00-001,12/12/19,170,0267-01TFRA00-001,12/12/19,170,,
fecal/blood,1930009T,24 Mo,6,6/25/19,Male,37,NA,1.8,NA,NA,NA,1000,NA,Yes,1/1/16,First-line drugs (HRZE),Got better,Negative,24 Mo,Treatment Complete,0267-027CLK00-001,4/29/21,674,0267-027CNC00-001,4/29/21,674,2/24/21,64
fecal/blood,1930011T,0 Day,1,7/16/19,Male,48,49.54,1.7,17.14186851,136,137,136.5,Medium,No,NA,NA,NA,Negative,0 Day,Day 0,0487-00929F00-001,7/17/19,1,0487-0092PA00-001,7/17/19,1,,
fecal/blood,1930011T,2 Wk,2,7/16/19,Male,48,51.5,1.7,17.8200692,494,606,550,NA,No,NA,NA,NA,Negative,2 Wk,Week 2,0487-0093ZF00-001,7/30/19,14,0487-00944C00-001,7/30/19,14,,
fecal/blood,1930011T,2 Mo,4,7/16/19,Male,48,54.77,1.7,18.95155709,Negative,Negative,1000,NA,No,NA,NA,NA,Negative,2 Mo,Month 2,0487-00970J00-001,9/9/19,55,0487-0096ZA00-001,9/9/19,55,,
fecal/blood,1930011T,6 Mo,5,7/16/19,Male,48,57.5,1.7,19.89619377,Contaminated,Contaminated,1000,NA,No,NA,NA,NA,Negative,6 Mo,Month 6,0267-01V4PF00-001,1/8/20,176,0267-01V07F00-001,12/26/19,163,,
fecal/blood,1930012T,0 Day,1,7/29/19,Female,26,56.36,1.56,23.15910585,92,90,91,High,No,NA,NA,NA,Negative,0 Day,Day 0,0487-0093XC00-001,7/30/19,1,0487-00941K00-001,7/30/19,1,,
fecal/blood,1930012T,2 Wk,2,7/29/19,Female,26,58.4,1.56,23.99737015,213,213,213,NA,No,NA,NA,NA,Negative,2 Wk,Week 2,0487-0094YD00-001,8/12/19,14,0487-00958G00-001,8/12/19,14,,
fecal/blood,1930012T,2 Mo,4,7/29/19,Female,26,55.7,1.56,22.8879027,NA,NA,NA,NA,No,NA,NA,NA,Negative,2 Mo,Month 2,0487-00993C00-001,10/3/19,66,0487-00998E00-001,10/3/19,66,,
fecal/blood,1930012T,6 Mo,5,7/29/19,Female,26,61.2,1.56,25.14792899,Negative,Negative,1000,NA,No,NA,NA,NA,Negative,6 Mo,Month 6,0267-01WJ2C00-001,2/5/20,191,0267-01WHSF00-001,2/5/20,191,,
fecal/blood,1930014T,0 Day,1,8/7/19,Male,28,44.4,1.7,15.3633218,79,79,79,High,Yes,1/1/19,First-line drugs (HRZE),Got worse,Negative,0 Day,Day 0,0487-009N9K00-001,8/8/19,1,0487-009PFG00-001,8/8/19,1,,
fecal/blood,1930014T,2 Wk,2,8/7/19,Male,28,45.22,1.7,15.64705882,281,278,279.5,NA,Yes,1/1/19,First-line drugs (HRZE),Got worse,Negative,2 Wk,Week 2,0487-0095TB00-001,8/21/19,14,0487-0095WD00-001,8/21/19,14,,
fecal/blood,1930014T,2 Mo,4,8/7/19,Male,28,49.8,1.7,17.23183391,NA,NA,NA,NA,Yes,1/1/19,First-line drugs (HRZE),Got worse,Negative,2 Mo,Month 2,0487-00995A00-001,10/3/19,57,0487-00999H00-001,10/3/19,57,,
fecal/blood,1930014T,6 Mo,5,8/7/19,Male,28,NA,1.7,NA,Contaminated,Contaminated,1000,NA,Yes,1/1/19,First-line drugs (HRZE),Got worse,Negative,6 Mo,Month 6,0267-01VZRA00-001,1/23/20,169,0267-01VZTK00-001,1/23/20,169,,
fecal/blood,1930015T,0 Day,1,9/6/19,Female,23,51.8,1.63,19.49640559,238,239,238.5,High,Yes,8/2/19,First-line drugs (HRZE),Did not get better,Negative,0 Day,Day 0,0487-0096PD00-001,9/6/19,0,0487-0096MC00-001,9/5/19,-1,,
fecal/blood,1930015T,2 Wk,2,9/6/19,Female,23,55.1,1.63,20.73845459,NA,NA,NA,NA,Yes,8/2/19,First-line drugs (HRZE),Did not get better,Negative,2 Wk,Week 2,0487-0098CF00-001,9/19/19,13,0487-00985C00-001,9/19/19,13,,
fecal,1930015T,2 Mo,4,9/6/19,Female,23,61,1.63,22.95908766,Negative,Negative,1000,NA,Yes,8/2/19,First-line drugs (HRZE),Did not get better,Negative,2 Mo,Month 2,0487-009CJF00-001,11/4/19,59,0487-009CKA00-001,11/5/19,60,,
fecal/blood,1930015T,6 Mo,5,9/6/19,Female,23,63.9,1.63,24.05058527,Contaminated,Contaminated,1000,NA,Yes,8/2/19,First-line drugs (HRZE),Did not get better,Negative,6 Mo,Month 6,0267-01WYVK00-001,2/18/20,165,0267-01WYXC00-001,2/18/20,165,,
fecal/blood,1930015T,24 Mo,6,9/6/19,Female,23,NA,1.63,NA,NA,NA,1000,NA,Yes,8/2/19,First-line drugs (HRZE),Did not get better,Negative,24 Mo,Treatment Complete,0267-028BHA00-001,7/13/21,676,0267-028BKE00-001,7/13/21,676,5/6/21,68
fecal/blood,1930016T,0 Day,1,11/7/19,Female,37,41.02,1.53,17.52317485,116,115,115.5,Low,Yes,10/1/16,First-line drugs (HRZE),Did not get better,Negative,0 Day,Day 0,0487-009DFD00-001,11/8/19,1,0487-009D9A00-001,11/8/19,1,,
fecal/blood,1930016T,2 Wk,2,11/7/19,Female,37,41,1.53,17.51463112,149,145,147,NA,Yes,10/1/16,First-line drugs (HRZE),Did not get better,Negative,2 Wk,Week 2,0487-009HMD00-001,11/22/19,15,0487-009H0H00-001,11/21/19,14,,
fecal/blood,1930016T,2 Mo,4,11/7/19,Female,37,43.4,1.53,18.53987782,Negative,Negative,1000,NA,Yes,10/1/16,First-line drugs (HRZE),Did not get better,Negative,2 Mo,Month 2,0487-009ZYC00-001,1/9/20,63,0487-00B03G00-001,1/9/20,63,,
fecal/blood,1930016T,6 Mo,5,11/7/19,Female,37,NA,1.53,NA,Contaminated,Negative,1000,NA,Yes,10/1/16,First-line drugs (HRZE),Did not get better,Negative,6 Mo,Month 6,0267-01YXLF00-001,8/12/20,279,0267-01YXND00-001,8/12/20,279,,
fecal,1930017T,0 Day,1,11/24/19,Female,23,41.36,1.5,18.38222222,159,161,160,Medium,Yes,4/1/19,First-line drugs (HRZE),Did not get better,Negative,0 Day,Day 0,0487-009HQF00-001,11/25/19,1,,,,,
fecal/blood,1930017T,2 Wk,2,11/24/19,Female,23,42,1.5,18.66666667,354,359,356.5,NA,Yes,4/1/19,First-line drugs (HRZE),Did not get better,Negative,2 Wk,Week 2,0487-009RHG00-001,12/9/19,15,0487-009RRJ00-001,12/9/19,15,,
fecal/blood,1930017T,2 Mo,4,11/24/19,Female,23,41.5,1.5,18.44444444,Negative,Negative,1000,NA,Yes,4/1/19,First-line drugs (HRZE),Did not get better,Negative,2 Mo,Month 2,0487-00B4GJ00-001,1/20/20,57,0487-00B55K00-001,1/20/20,57,,
fecal/blood,1930017T,6 Mo,5,11/24/19,Female,23,44.2,1.5,19.64444444,Negative,Contaminated,1000,NA,Yes,4/1/19,First-line drugs (HRZE),Did not get better,Negative,6 Mo,Month 6,0267-01Z0HF00-001,8/17/20,267,0267-01Z0KG00-001,8/17/20,267,,
fecal/blood,1930018T,0 Day,1,12/1/19,Female,61,55,1.55,22.89281998,115,117,116,Medium,Yes,1/1/19,First-line drugs (HRZE),Got better,Negative,0 Day,Day 0,0487-009PWJ00-001,12/4/19,3,0487-009NLE00-001,12/2/19,1,,
fecal/blood,1930018T,2 Wk,2,12/1/19,Female,61,55.4,1.55,23.05931322,Contaminated,Negative,1000,NA,Yes,1/1/19,First-line drugs (HRZE),Got better,Negative,2 Wk,Week 2,0487-009W5G00-001,12/17/19,16,0487-009VCK00-001,12/16/19,15,,
fecal/blood,1930018T,2 Mo,4,12/1/19,Female,61,56.7,1.55,23.60041623,Negative,Negative,1000,NA,Yes,1/1/19,First-line drugs (HRZE),Got better,Negative,2 Mo,Month 2,0487-00B8PC00-001,1/27/20,57,0487-00BBGF00-001,1/27/20,57,,
fecal/blood,1930018T,6 Mo,5,12/1/19,Female,61,NA,1.55,NA,Negative,427,1000,NA,Yes,1/1/19,First-line drugs (HRZE),Got better,Negative,6 Mo,Month 6,0487-00C8RJ00-001,8/11/20,254,0487-00C8PA00-001,8/10/20,253,,
fecal/blood,1930018T,24 Mo,6,12/1/19,Female,61,NA,1.55,NA,NA,NA,1000,NA,Yes,1/1/19,First-line drugs (HRZE),Got better,Negative,24 Mo,Treatment Complete,0487-00DJVC00-001,7/12/21,589,0487-00DK1K00-001,7/12/21,589,7/28/21,-16
fecal/blood,1930020T,0 Day,1,1/20/20,Female,31,50.2,1.71,17.17,73,74,73.5,High,Yes,1/1/19,First-line drugs (HRZE),Got worse,Negative,0 Day,Day 0,0487-00B54E00-001,1/21/20,1,0487-00B59C00-001,1/21/20,1,,
fecal/blood,1930020T,2 Wk,2,1/20/20,Female,31,50.3,1.71,17.2,206,209,207.5,NA,Yes,1/1/19,First-line drugs (HRZE),Got worse,Negative,2 Wk,Week 2,0487-00BFPF00-001,2/3/20,14,0487-00BG0A00-001,2/3/20,14,,
fecal/blood,1930020T,2 Mo,4,1/20/20,Female,31,50.3,1.71,17.2,Negative,191,1000,NA,Yes,1/1/19,First-line drugs (HRZE),Got worse,Negative,2 Mo,Month 2,0487-00BVME00-001,3/11/20,51,0487-00BVQG00-001,3/11/20,51,,
fecal/blood,1930020T,6 Mo,5,1/20/20,Female,31,58.4,1.71,19.97,Contaminated,Negative,1000,NA,Yes,1/1/19,First-line drugs (HRZE),Got worse,Negative,6 Mo,Month 6,0267-01YXQA00-001,8/12/20,205,0267-01YXSE00-001,8/12/20,205,,
fecal/blood,1930021T,0 Day,1,1/21/20,Male,43,42.27,1.6,16.51171875,90,90,90,High,Yes,NA,First-line drugs (HRZE),Got worse,Negative,0 Day,Day 0,0487-00B69A00-001,1/22/20,1,0487-00B5YC00-001,1/22/20,1,,
fecal/blood,1930021T,2 Wk,2,1/21/20,Male,43,42.3,1.6,16.5234375,215,216,215.5,NA,Yes,NA,First-line drugs (HRZE),Got worse,Negative,2 Wk,Week 2,0487-00BFMG00-001,2/3/20,13,0487-00BG1G00-001,2/3/20,13,,
fecal/blood,1930021T,2 Mo,4,1/21/20,Male,43,44.65,1.6,17.44140625,462,515,488.5,NA,Yes,NA,First-line drugs (HRZE),Got worse,Negative,2 Mo,Month 2,0487-00BVKH00-001,3/11/20,50,0487-00BVRJ00-001,3/11/20,50,,
fecal/blood,1930021T,6 Mo,5,1/21/20,Male,43,NA,1.6,NA,Negative,Negative,1000,NA,Yes,NA,First-line drugs (HRZE),Got worse,Negative,6 Mo,Month 6,0487-00C8HG00-001,8/6/20,198,0487-00C8LB00-001,8/6/20,198,,
fecal/blood,1930021T,24 Mo,6,1/21/20,Male,43,NA,1.6,NA,NA,NA,1000,NA,Yes,NA,First-line drugs (HRZE),Got worse,Negative,24 Mo,Treatment Complete,0487-00DSLF00-001,8/31/21,588,0487-00DSDK00-001,8/31/21,588,3/30/21,154
fecal/blood,1930022T,0 Day,1,2/2/20,Female,42,40.4,1.54,17.03491314,160,155,157.5,Medium,Yes,1/1/18,First-line drugs (HRZE),Got better,Positive,0 Day,Day 0,0487-00BFKD00-001,2/3/20,1,0487-00BFXA00-001,2/3/20,1,,
fecal/blood,1930022T,2 Wk,2,2/2/20,Female,42,43,1.54,18.13121943,366,Contaminated,366,NA,Yes,1/1/18,First-line drugs (HRZE),Got better,Positive,2 Wk,Week 2,0487-00BMQB00-001,2/17/20,15,0487-00BMTJ00-001,2/17/20,15,,
fecal/blood,1930022T,2 Mo,4,2/2/20,Female,42,43.2,1.54,18.21555068,NA,NA,NA,NA,Yes,1/1/18,First-line drugs (HRZE),Got better,Positive,2 Mo,Month 2,0487-00C2QH00-001,3/30/20,57,0487-00C2TA00-001,3/30/20,57,,
fecal/blood,1930022T,6 Mo,5,2/2/20,Female,42,NA,1.54,NA,Negative,Negative,1000,NA,Yes,1/1/18,First-line drugs (HRZE),Got better,Positive,6 Mo,Month 6,0487-00C8CG00-001,8/6/20,186,0487-00C8BK00-001,8/5/20,185,,
fecal,1930022T,24 Mo,6,2/2/20,Female,42,NA,1.54,NA,NA,NA,1000,NA,Yes,1/1/18,First-line drugs (HRZE),Got better,Positive,24 Mo,Treatment Complete,0487-00DVJE00-001,9/15/21,591,0487-00DVGG00-001,9/14/21,590,9/30/21,-15
fecal/blood,1930024T,0 Day,1,8/18/20,Female,51,61.6,1.51,27.02,121,122,121.5,High,Yes,1/1/19,First-line drugs (HRZE),Got better,Negative,0 Day,Day 0,0487-00C9SC00-001,8/19/20,1,0487-00C9VG00-001,8/19/20,1,,
fecal/blood,1930024T,2 Wk,2,8/18/20,Female,51,61.6,1.51,27.02,332,350,341,NA,Yes,1/1/19,First-line drugs (HRZE),Got better,Negative,2 Wk,Week 2,0487-00CBGD00-001,9/1/20,14,0487-00CBJF00-001,9/1/20,14,,
fecal,1930024T,1 Mo,3,8/18/20,Female,51,63.9,1.51,28.03,403,489,446,NA,Yes,1/1/19,First-line drugs (HRZE),Got better,Negative,1 Mo,Month 1,0487-00CDCA00-001,9/17/20,30,,,,,
fecal/blood,1930024T,2 Mo,4,8/18/20,Female,51,NA,1.51,NA,Contaminated,Negative,1000,NA,Yes,1/1/19,First-line drugs (HRZE),Got better,Negative,2 Mo,Month 2,0487-00CGSK00-001,10/15/20,58,0487-00DBNG00-001,10/15/20,58,,
fecal/blood,1930024T,6 Mo,5,8/18/20,Female,51,NA,1.51,NA,Negative,Negative,1000,NA,Yes,1/1/19,First-line drugs (HRZE),Got better,Negative,6 Mo,Month 6,0267-026QPC00-001,3/25/21,219,0267-026QRF00-001,3/25/21,219,,
fecal/blood,1930025T,0 Day,1,9/2/20,Female,33,58.06,1.72,19.63,92,92,92,Medium,No,NA,NA,NA,Negative,0 Day,Day 0,0487-00CC7D00-001,9/4/20,2,0487-00CC5G00-001,9/3/20,1,,
fecal/blood,1930025T,2 Wk,2,9/2/20,Female,33,59.2,1.72,20.01,241,240,240.5,NA,No,NA,NA,NA,Negative,2 Wk,Week 2,0487-00CCXK00-001,9/15/20,13,0487-00CCVC00-001,9/15/20,13,,
fecal,1930025T,1 Mo,3,9/2/20,Female,33,NA,1.72,NA,386,423,404.5,NA,No,NA,NA,NA,Negative,1 Mo,Month 1,0487-00CF3J00-001,9/29/20,27,,,,,
fecal/blood,1930025T,2 Mo,4,9/2/20,Female,33,NA,1.72,NA,Contaminated,Negative,1000,NA,No,NA,NA,NA,Negative,2 Mo,Month 2,0487-00CKCE00-001,10/29/20,57,0487-00CKGB00-001,10/29/20,57,,
fecal/blood,1930025T,6 Mo,5,9/2/20,Female,33,NA,1.72,NA,Contaminated,Contaminated,1000,NA,No,NA,NA,NA,Negative,6 Mo,Month 6,0267-026QTB00-001,3/25/21,204,0267-026QWD00-001,3/25/21,204,,
fecal/blood,1930026T,0 Day,1,10/13/20,Female,21,51.8,1.63,19.5,NA,NA,NA,Low,Yes,NA,First-line drugs (HRZE),Got better,Negative,0 Day,Day 0,0487-00CGFA00-001,10/14/20,1,0487-00CGJE00-001,10/14/20,1,,
fecal/blood,1930026T,2 Wk,2,10/13/20,Female,21,52.7,1.63,19.84,NA,NA,NA,NA,Yes,NA,First-line drugs (HRZE),Got better,Negative,2 Wk,Week 2,0487-00CJHA00-001,10/27/20,14,0487-00CJLF00-001,10/27/20,14,,
fecal,1930026T,1 Mo,3,10/13/20,Female,21,NA,1.63,NA,NA,NA,NA,NA,Yes,NA,First-line drugs (HRZE),Got better,Negative,1 Mo,Month 1,0487-00CLGA00-001,11/10/20,28,,,,,
fecal/blood,1930026T,2 Mo,4,10/13/20,Female,21,53.6,1.63,20.17,NA,NA,NA,NA,Yes,NA,First-line drugs (HRZE),Got better,Negative,2 Mo,Month 2,0487-00CQ3C00-001,12/9/20,57,0487-00CPYE00-001,12/9/20,57,,
fecal/blood,1930026T,6 Mo,5,10/13/20,Female,21,NA,1.63,NA,NA,NA,1000,NA,Yes,NA,First-line drugs (HRZE),Got better,Negative,6 Mo,Month 6,0487-00D66A00-001,4/5/21,174,0487-00D5SG00-001,3/30/21,168,,
fecal/blood,1930028T,0 Day,1,10/28/20,Male,25,NA,NA,NA,54,54,54,High,Yes,NA,First-line drugs (HRZE),Did not get better,Negative,0 Day,Day 0,0487-00CK7D00-001,10/29/20,1,0487-00CKFH00-001,10/29/20,1,,
fecal/blood,1930028T,2 Wk,2,10/28/20,Male,25,NA,NA,NA,158,Contaminated,158,NA,Yes,NA,First-line drugs (HRZE),Did not get better,Negative,2 Wk,Week 2,0487-00CLJH00-001,11/10/20,13,0487-00CLSC00-001,11/10/20,13,,
fecal,1930028T,1 Mo,3,10/28/20,Male,25,NA,NA,NA,573,554,563.5,NA,Yes,NA,First-line drugs (HRZE),Did not get better,Negative,1 Mo,Month 1,0487-00CNSB00-001,11/25/20,28,,,,,
fecal/blood,1930028T,2 Mo,4,10/28/20,Male,25,52.9,NA,NA,Negative,Negative,1000,NA,Yes,NA,First-line drugs (HRZE),Did not get better,Negative,2 Mo,Month 2,0487-00CRVJ00-001,12/22/20,55,0487-00CRWF00-001,12/22/20,55,,
fecal,1930028T,6 Mo,5,10/28/20,Male,25,NA,NA,NA,Negative,Contaminated,1000,NA,Yes,NA,First-line drugs (HRZE),Did not get better,Negative,6 Mo,Month 6,0487-00D7BE00-001,4/14/21,168,0487-00D70G00-001,4/13/21,167,,
fecal/blood,1930029T,0 Day,1,11/5/20,Male,54,NA,1.58,NA,160,162,161,Medium,Yes,10/22/20,First-line drugs (HRZE),Did not get better,Negative,0 Day,Day 0,0487-00CLMF00-001,11/10/20,5,0487-00CKVH00-001,11/5/20,0,,
fecal/blood,1930029T,2 Wk,2,11/5/20,Male,54,NA,1.58,NA,314,Contaminated,314,NA,Yes,10/22/20,First-line drugs (HRZE),Did not get better,Negative,2 Wk,Week 2,0487-00CMVE00-001,11/19/20,14,0487-00CMKJ00-001,11/19/20,14,,
fecal,1930029T,1 Mo,3,11/5/20,Male,54,43.8,1.58,17.55,Negative,Negative,1000,NA,Yes,10/22/20,First-line drugs (HRZE),Did not get better,Negative,1 Mo,Month 1,0487-00CPGG00-001,12/4/20,29,,,,,
fecal/blood,1930029T,2 Mo,4,11/5/20,Male,54,47.3,1.58,18.95,Contaminated,Negative,1000,NA,Yes,10/22/20,First-line drugs (HRZE),Did not get better,Negative,2 Mo,Month 2,0487-00CTTG00-001,1/7/21,63,0487-00CTSD00-001,1/7/21,63,,
fecal/blood,1930029T,6 Mo,5,11/5/20,Male,54,NA,1.58,NA,Contaminated,Negative,1000,NA,Yes,10/22/20,First-line drugs (HRZE),Did not get better,Negative,6 Mo,Month 6,0487-00D84F00-001,4/23/21,169,0487-00D7ZG00-001,4/22/21,168,,
fecal/blood,1930030T,0 Day,1,11/11/20,Male,53,51.4,NA,NA,84,84,84,High,Yes,NA,First-line drugs (HRZE),Was told I was cured,Negative,0 Day,Day 0,0487-00CLYH00-001,11/12/20,1,0487-00CM1D00-001,11/12/20,1,,
fecal/blood,1930030T,2 Wk,2,11/11/20,Male,53,NA,NA,NA,235,237,236,NA,Yes,NA,First-line drugs (HRZE),Was told I was cured,Negative,2 Wk,Week 2,0487-00CNQC00-001,11/25/20,14,0487-00CNKB00-001,11/25/20,14,,
fecal,1930030T,1 Mo,3,11/11/20,Male,53,NA,NA,NA,383,394,388.5,NA,Yes,NA,First-line drugs (HRZE),Was told I was cured,Negative,1 Mo,Month 1,0487-00CPXH00-001,12/9/20,28,,,,,
fecal/blood,1930031T,0 Day,1,1/26/21,Male,34,50.9,1.7,17.61,124,Contaminated,124,Medium,Yes,NA,First-line drugs (HRZE),Was told I was cured,Negative,0 Day,Day 0,0487-00CYCK00-001,1/27/21,1,0487-00CYLE00-001,1/27/21,1,,
fecal/blood,1930031T,2 Wk,2,1/26/21,Male,34,NA,1.7,NA,290,285,287.5,NA,Yes,NA,First-line drugs (HRZE),Was told I was cured,Negative,2 Wk,Week 2,0487-00CZZK00-001,2/10/21,15,0487-00D02G00-001,2/10/21,15,,
fecal,1930031T,1 Mo,3,1/26/21,Male,34,NA,1.7,NA,369,366,367.5,NA,Yes,NA,First-line drugs (HRZE),Was told I was cured,Negative,1 Mo,Month 1,0487-00D18F00-001,2/24/21,29,,,,,
fecal/blood,1930031T,2 Mo,4,1/26/21,Male,34,NA,1.7,NA,625,Contaminated,625,NA,Yes,NA,First-line drugs (HRZE),Was told I was cured,Negative,2 Mo,Month 2,0487-00D4VB00-001,3/25/21,58,0487-00D4WE00-001,3/25/21,58,,
fecal/blood,1930031T,6 Mo,5,1/26/21,Male,34,NA,1.7,NA,NA,NA,1000,NA,Yes,NA,First-line drugs (HRZE),Was told I was cured,Negative,6 Mo,Month 6,0487-00DK4C00-001,7/12/21,167,0487-00DK3F00-001,7/12/21,167,,