"","X0.Day","X1.Mo","MeanDecreaseAccuracy","MeanDecreaseGini","site_id","gene_id","Function","protein_desc","org_species","gene_name","scaffold_id","start","end","strand","gene_type"
"2",0.00217333333333333,0.0104933333333333,0.00533214285714285,0.275782611832612,"1069338","UHGG147598_00981","putative outer membrane usher protein EcpC_1069338","Probable outer membrane usher protein EcpC","Escherichia coli (strain K12)","ecpC","gnl|Prokka|UHGG147598_1",1069331,1071856,"+","CDS"
"9",0.0348366666666667,0.0200466666666666,0.0246985714285715,0.733349836829836,"4743966","UHGG147598_04524","Mannonate dehydratase_4743966","Mannonate dehydratase","Lactococcus lactis subsp. cremoris (strain MG1363)","uxuA","gnl|Prokka|UHGG147598_1",4743144,4744208,"-","CDS"
"7",0.0372533333333334,0.02305,0.0276035714285715,0.70956212121212,"4108101","UHGG147598_03893","Membrane-bound lytic murein transglycosylase B_4108101","Membrane-bound lytic murein transglycosylase B","Escherichia coli (strain K12)","mltB","gnl|Prokka|UHGG147598_1",4107435,4108514,"-","CDS"
"5",0.0188733333333333,0.0419533333333334,0.0280057936507937,0.830091774891776,"3487840","UHGG147598_03337","Non-heme chloroperoxidase_3487840","Non-heme chloroperoxidase","Burkholderia pyrrocinia","cpo","gnl|Prokka|UHGG147598_1",3487657,3488493,"-","CDS"
"8",0.02283,0.0415566666666667,0.0299795238095238,0.737246469086469,"4688080","UHGG147598_04463","hypothetical protein(UPF0718 protein YraQ_yraQ)_4688080","UPF0718 protein YraQ","Escherichia coli (strain K12)","yraQ","gnl|Prokka|UHGG147598_1",4688005,4689045,"-","CDS"
"1",0.02385,0.0408566666666667,0.030189126984127,0.772386454656454,"130590","UHGG147598_00116","Acetolactate synthase isozyme 2 large subunit_130590","Acetolactate synthase isozyme 2 large subunit","Escherichia coli (strain K12)","ilvG","gnl|Prokka|UHGG147598_1",129397,131043,"+","CDS"
"3",0.0232366666666667,0.0451333333333334,0.0309116666666667,0.755172438672438,"2412673","UHGG147598_02298","Pyruvate-flavodoxin oxidoreductase_2412673","Probable pyruvate-flavodoxin oxidoreductase","Escherichia coli (strain K12)","ydbK","gnl|Prokka|UHGG147598_1",2409823,2413350,"-","CDS"
"6",0.0232033333333333,0.0499333333333334,0.0344602380952382,0.827108148518149,"3653866","UHGG147598_03477","hypothetical protein(Uncharacterized protein YeiB_yeiB)_3653866","Uncharacterized protein YeiB","Escherichia coli (strain K12)","yeiB","gnl|Prokka|UHGG147598_1",3653104,3654261,"-","CDS"
"4",0.0253166666666666,0.0582333333333334,0.0386490476190476,0.876233477633478,"3098820","UHGG147598_02966","3-mercaptopropionate dioxygenase_3098820","3-mercaptopropionate dioxygenase","Pseudomonas aeruginosa (strain ATCC 15692 / DSM 22644 / CIP 104116 / JCM 14847 / LMG 12228 / 1C / PRS 101 / PAO1)","PA2602","gnl|Prokka|UHGG147598_1",3098365,3098967,"+","CDS"
