"","X0.Day","X2.Wk","MeanDecreaseAccuracy","MeanDecreaseGini","site_id","gene_id","Function","protein_desc","org_species","gene_name","scaffold_id","start","end","strand","gene_type"
"12",0.00269,0.00322382395382395,0.00315919913419913,0.243139749126774,"2077930","UHGG147598_01961","Thiamine kinase_2077930","Thiamine kinase","Salmonella typhimurium (strain LT2 / SGSC1412 / ATCC 700720)","thiK","gnl|Prokka|UHGG147598_1",2077137,2077964,"+","CDS"
"22",0.00345666666666667,0.00296933621933622,0.00338378399378399,0.231440505251239,"4367201","UHGG147598_04138","Outer membrane usher protein FimD_4367201","Outer membrane usher protein FimD","Escherichia coli (strain K12)","fimD","gnl|Prokka|UHGG147598_1",4366896,4369508,"+","CDS"
"11",0.00754,0.00236514208014208,0.00362916638916639,0.21439324993236,"2016304","UHGG147598_01900","Bifunctional protein PutA_2016304","Bifunctional protein PutA","Klebsiella aerogenes","putA","gnl|Prokka|UHGG147598_1",2013955,2017917,"-","CDS"
"16",0.00412666666666667,0.00364774836274836,0.00367443695193695,0.209853930161903,"3805655","UHGG147598_03610","Fatty acid oxidation complex subunit alpha_3805655","Fatty acid oxidation complex subunit alpha","Klebsiella pneumoniae subsp. pneumoniae (strain ATCC 700721 / MGH 78578)","fadJ","gnl|Prokka|UHGG147598_1",3805610,3807754,"-","CDS"
"24",0.0112233333333333,0.00169538239538239,0.00417621045621046,0.284999888271526,"4929429","UHGG147598_04715","1,4-alpha-glucan branching enzyme GlgB_4929429","1,4-alpha-glucan branching enzyme GlgB","Klebsiella pneumoniae subsp. pneumoniae (strain ATCC 700721 / MGH 78578)","glgB","gnl|Prokka|UHGG147598_1",4927908,4930094,"-","CDS"
"3",0.0059,0.00363888167388167,0.00427487262737262,0.236927595799584,"688936","UHGG147598_00635","2-dehydro-3-deoxy-6-phosphogalactonate aldolase_688936","2-dehydro-3-deoxy-6-phosphogalactonate aldolase","Escherichia coli (strain K12)","dgoA","gnl|Prokka|UHGG147598_1",688709,689308,"+","CDS"
"7",0.00648333333333334,0.00347150793650793,0.00434979964479964,0.212720435138086,"1105647","UHGG147598_01015","Alkaline phosphatase_1105647","Alkaline phosphatase","Escherichia coli (strain K12)","phoA","gnl|Prokka|UHGG147598_1",1105102,1106517,"+","CDS"
"19",0.00649333333333333,0.00373007159507159,0.00438719502719502,0.262172784329841,"4007390","UHGG147598_03793","hypothetical protein(Uncharacterized protein YfiM_yfiM)_4007390","Uncharacterized protein YfiM","Escherichia coli (strain K12)","yfiM","gnl|Prokka|UHGG147598_1",4007346,4007669,"+","CDS"
"23",0.00697666666666667,0.00340866966366966,0.00439156121656122,0.22111585110864,"4455364","UHGG147598_04223","Galactose-proton symporter_4455364","Galactose-proton symporter","Escherichia coli O6:H1 (strain CFT073 / ATCC 700928 / UPEC)","galP","gnl|Prokka|UHGG147598_1",4455098,4456492,"+","CDS"
"26",0.0110966666666667,0.00247957431457431,0.00454760961260961,0.270381601443519,"5179836","UHGG147598_04937","Alpha-xylosidase_5179836","Alpha-xylosidase","Escherichia coli (strain K12)","yicI","gnl|Prokka|UHGG147598_1",5178804,5181122,"-","CDS"
"1",0.0121266666666667,0.00297695471195471,0.00494334665334665,0.288563412898347,"130590","UHGG147598_00116","Acetolactate synthase isozyme 2 large subunit_130590","Acetolactate synthase isozyme 2 large subunit","Escherichia coli (strain K12)","ilvG","gnl|Prokka|UHGG147598_1",129397,131043,"+","CDS"
"5",0.01247,0.00281527639027639,0.0051160261960262,0.284765093472802,"936151","UHGG147598_00860","Type II secretion system protein E_936151","Type II secretion system protein E","Klebsiella pneumoniae","pulE","gnl|Prokka|UHGG147598_1",935041,936534,"-","CDS"
"21",0.00954,0.00426106782106782,0.00547435397935398,0.225676101030188,"4142403","UHGG147598_03927","hypothetical protein(Cytochrome c2_)_4142403","Cytochrome c2","Rhodovulum adriaticum","","gnl|Prokka|UHGG147598_1",4142089,4144281,"-","CDS"
"13",0.0157433333333333,0.00296089466089466,0.00603082695082695,0.231076602144326,"2517443","UHGG147598_02392","NADPH dehydrogenase_2517443","NADH:fumarate oxidoreductase","Klebsiella pneumoniae (strain 342)","KPK_2907","gnl|Prokka|UHGG147598_1",2517213,2519990,"+","CDS"
"9",0.0149,0.00358727716727717,0.00653705461205461,0.338933712542643,"1870428","UHGG147598_01756","hypothetical protein(Uncharacterized protein YcaI_ycaI)_1870428","Uncharacterized protein YcaI","Escherichia coli (strain K12)","ycaI","gnl|Prokka|UHGG147598_1",1869126,1871390,"+","CDS"
"10",0.01337,0.00556869408369408,0.00745265234765236,0.557457700172081,"1927413","UHGG147598_01801","Inner membrane protein YccS_1927413","Inner membrane protein YccS","Escherichia coli (strain K12)","yccS","gnl|Prokka|UHGG147598_1",1925460,1927595,"-","CDS"
"6",0.00999333333333334,0.00651587301587302,0.00748150849150849,0.482852793565219,"1027268","UHGG147598_00938","Na(+)-translocating NADH-quinone reductase subunit B_1027268","Na(+)-translocating NADH-quinone reductase subunit B","Klebsiella pneumoniae subsp. pneumoniae (strain ATCC 700721 / MGH 78578)","nqrB","gnl|Prokka|UHGG147598_1",1026600,1027838,"+","CDS"
"8",0.02136,0.00507675047175047,0.00831666666666667,0.33766806560901,"1675962","UHGG147598_01575","Phosphoethanolamine transferase EptA_1675962","Phosphoethanolamine transferase EptA","Salmonella typhimurium (strain LT2 / SGSC1412 / ATCC 700720)","eptA","gnl|Prokka|UHGG147598_1",1675209,1676849,"-","CDS"
"4",0.0213366666666667,0.00556004995004994,0.00960515429015431,0.534771365356949,"697859","UHGG147598_00643","Anaerobic nitric oxide reductase transcription regulator NorR_697859","Transcriptional regulatory protein DagR","Salmonella typhimurium (strain 14028s / SGSC 2262)","dgaR","gnl|Prokka|UHGG147598_1",696852,699617,"+","CDS"
"20",0.00955333333333334,0.0102450216450217,0.00981720113220115,0.504420695079644,"4072170","UHGG147598_03850","putative HTH-type transcriptional regulator YgaV_4072170","Probable HTH-type transcriptional regulator YgaV","Escherichia coli (strain K12)","ygaV","gnl|Prokka|UHGG147598_1",4071925,4072224,"+","CDS"
"17",0.02912,0.00949693084693085,0.0138084115884116,0.633170104762533,"3921771","UHGG147598_03720","Endo-4-O-sulfatase_3921771","N-acetylgalactosamine-6-O-sulfatase","Bacteroides thetaiotaomicron (strain ATCC 29148 / DSM 2079 / JCM 5827 / CCUG 10774 / NCTC 10582 / VPI-5482 / E50)","BT_3333","gnl|Prokka|UHGG147598_1",3920536,3922404,"+","CDS"
"15",0.04354,0.00425389110889111,0.0138841625041625,0.571869643743451,"3758170","UHGG147598_03562","NADH-quinone oxidoreductase subunit F_3758170","NADH-quinone oxidoreductase subunit F","Salmonella typhimurium (strain LT2 / SGSC1412 / ATCC 700720)","nuoF","gnl|Prokka|UHGG147598_1",3757852,3759189,"-","CDS"
"25",0.0290233333333333,0.0101145115995116,0.0141968248418249,0.633557940644876,"5138029","UHGG147598_04900","Coenzyme A biosynthesis bifunctional protein CoaBC_5138029","Coenzyme A biosynthesis bifunctional protein CoaBC","Escherichia coli O6:H1 (strain CFT073 / ATCC 700928 / UPEC)","coaBC","gnl|Prokka|UHGG147598_1",5137103,5138320,"+","CDS"
"18",0.0326566666666667,0.0103135037185037,0.0150961205461206,0.650865431378374,"3921792","UHGG147598_03720","Endo-4-O-sulfatase_3921792","N-acetylgalactosamine-6-O-sulfatase","Bacteroides thetaiotaomicron (strain ATCC 29148 / DSM 2079 / JCM 5827 / CCUG 10774 / NCTC 10582 / VPI-5482 / E50)","BT_3333","gnl|Prokka|UHGG147598_1",3920536,3922404,"+","CDS"
"14",0.0314633333333334,0.0113932223332224,0.0162585708735709,0.692135059940193,"2595238","UHGG147598_02467","High-affinity branched-chain amino acid transport ATP-binding protein LivF_2595238","High-affinity branched-chain amino acid transport ATP-binding protein LivG","Salmonella typhimurium (strain LT2 / SGSC1412 / ATCC 700720)","livG","gnl|Prokka|UHGG147598_1",2594779,2595576,"+","CDS"
"2",0.0330166666666667,0.0155483405483406,0.0195718728493729,0.874121174233282,"565541","UHGG147598_00520","5-deoxy-glucuronate isomerase_565541","5-deoxy-glucuronate isomerase","Geobacillus thermodenitrificans (strain NG80-2)","iolB","gnl|Prokka|UHGG147598_1",565137,565946,"+","CDS"
