"","X0.Day","X6.Mo","MeanDecreaseAccuracy","MeanDecreaseGini","site_id","gene_id","Function","protein_desc","org_species","gene_name","scaffold_id","start","end","strand","gene_type"
"7",0.00695666666666666,0.00100404761904762,0.00288960317460317,0.218290637826226,"2424734","UHGG147598_02310","Primary amine oxidase_2424734","Primary amine oxidase","Klebsiella aerogenes","maoA","gnl|Prokka|UHGG147598_1",2424263,2426530,"-","CDS"
"10",0.00534666666666667,0.0016097619047619,0.00327296536796537,0.267817635175282,"2676044","UHGG147598_02554","Acetyl-CoA acetyltransferase_2676044","Acetyl-CoA acetyltransferase","Escherichia coli (strain K12)","atoB","gnl|Prokka|UHGG147598_1",2675927,2677117,"-","CDS"
"16",0.00709,0.00356373015873016,0.00526024531024531,0.353284531775414,"4569974","UHGG147598_04344","DNA topoisomerase 4 subunit B_4569974","DNA topoisomerase 4 subunit B","Salmonella typhimurium (strain LT2 / SGSC1412 / ATCC 700720)","parE","gnl|Prokka|UHGG147598_1",4568336,4570231,"-","CDS"
"5",0.01114,0.00394769841269841,0.0064856277056277,0.346658935737465,"1166657","UHGG147598_01076","Quinate/shikimate dehydrogenase_1166657","Transcription elongation factor GreA","Mesomycoplasma hyopneumoniae (strain 232)","greA","gnl|Prokka|UHGG147598_1",1165997,1166818,"-","CDS"
"13",0.00868,0.00604642857142857,0.00723770562770563,0.469556525990349,"3503630","UHGG147598_03354","DNA gyrase inhibitor_3503630","DNA gyrase inhibitor","Klebsiella pneumoniae (strain 342)","sbmC","gnl|Prokka|UHGG147598_1",3503364,3503837,"-","CDS"
"12",0.01092,0.00602952380952381,0.00771321067821068,0.334362376768399,"2952460","UHGG147598_02816","Adenosine deaminase_2952460","Adenosine deaminase","Klebsiella pneumoniae subsp. pneumoniae (strain ATCC 700721 / MGH 78578)","add","gnl|Prokka|UHGG147598_1",2951828,2952829,"+","CDS"
"6",0.00141666666666667,0.0101015873015873,0.00784780663780663,0.345951220789874,"2046043","UHGG147598_01929","N-methyl-L-tryptophan oxidase_2046043","N-methyl-L-tryptophan oxidase","Shigella flexneri serotype 5b (strain 8401)","solA","gnl|Prokka|UHGG147598_1",2045653,2046771,"-","CDS"
"9",0.00596666666666667,0.00937261904761906,0.00786789321789322,0.38037404196251,"2628890","UHGG147598_02507","hypothetical protein(Uncharacterized protein YjiJ_yjiJ)_2628890","Uncharacterized protein YjiJ","Escherichia coli (strain K12)","yjiJ","gnl|Prokka|UHGG147598_1",2628657,2629814,"+","CDS"
"14",0.00841333333333333,0.0122644444444444,0.0102621356421356,0.46646746874041,"4344346","UHGG147598_04114","HTH-type transcriptional regulator GltC_4344346","HTH-type transcriptional regulator PerR","Escherichia coli (strain K12)","perR","gnl|Prokka|UHGG147598_1",4343614,4344483,"-","CDS"
"15",0.00846,0.0147164285714286,0.0119619841269841,0.534432744326538,"4378939","UHGG147598_04150","Di-/tripeptide transporter_4378939","Peptide transporter YePEPT","Yersinia enterocolitica subsp. palearctica serotype O:3 (strain YE-P4)","YEP4_02370","gnl|Prokka|UHGG147598_1",4378900,4380453,"-","CDS"
"8",0.0285866666666667,0.0128880952380952,0.0176919841269841,0.600097344781122,"2595238","UHGG147598_02467","High-affinity branched-chain amino acid transport ATP-binding protein LivF_2595238","High-affinity branched-chain amino acid transport ATP-binding protein LivG","Salmonella typhimurium (strain LT2 / SGSC1412 / ATCC 700720)","livG","gnl|Prokka|UHGG147598_1",2594779,2595576,"+","CDS"
"4",0.0247266666666666,0.0206011904761905,0.0213016883116884,0.868521156951064,"512401","UHGG147598_00472","hypothetical protein(Bifunctional protein GlmU_glmU)_512401","Bifunctional protein GlmU","Geotalea daltonii (strain DSM 22248 / JCM 15807 / FRC-32)","glmU","gnl|Prokka|UHGG147598_1",512308,513516,"-","CDS"
"2",0.0151666666666667,0.0266655555555556,0.02189841991342,0.674977934810287,"419832","UHGG147598_00379","hypothetical protein(2-C-methyl-D-erythritol 4-phosphate cytidylyltransferase_ispD)_419832","2-C-methyl-D-erythritol 4-phosphate cytidylyltransferase","Yersinia pseudotuberculosis serotype IB (strain PB1/+)","ispD","gnl|Prokka|UHGG147598_1",419805,420668,"-","CDS"
"3",0.01849,0.0313226984126984,0.0261617965367966,0.75460393499861,"419835","UHGG147598_00379","hypothetical protein(2-C-methyl-D-erythritol 4-phosphate cytidylyltransferase_ispD)_419835","2-C-methyl-D-erythritol 4-phosphate cytidylyltransferase","Yersinia pseudotuberculosis serotype IB (strain PB1/+)","ispD","gnl|Prokka|UHGG147598_1",419805,420668,"-","CDS"
"1",0.01987,0.0302372222222223,0.0262571067821068,0.767358086595207,"419829","UHGG147598_00379","hypothetical protein(2-C-methyl-D-erythritol 4-phosphate cytidylyltransferase_ispD)_419829","2-C-methyl-D-erythritol 4-phosphate cytidylyltransferase","Yersinia pseudotuberculosis serotype IB (strain PB1/+)","ispD","gnl|Prokka|UHGG147598_1",419805,420668,"-","CDS"
"11",0.05966,0.0509227777777777,0.0513611111111111,1.25014542277124,"2829846","UHGG147598_02701","hypothetical protein(Uncharacterized protein YmjA_ymjA)_2829846","Uncharacterized protein YmjA","Shigella flexneri","ymjA","gnl|Prokka|UHGG147598_1",2829651,2829896,"+","CDS"
