"","X0.Day","X2.Mo","MeanDecreaseAccuracy","MeanDecreaseGini","site_id","gene_id","Function","protein_desc","org_species","gene_name","scaffold_id","start","end","strand","gene_type"
"12",0.00845,0.00185214285714286,0.00385564935064935,0.214127698835392,"2309306","UHGG147598_02184","hypothetical protein(Deoxyguanosinetriphosphate triphosphohydrolase_dgt)_2309306","Deoxyguanosinetriphosphate triphosphohydrolase","Yersinia enterocolitica serotype O:8 / biotype 1B (strain NCTC 13174 / 8081)","dgt","gnl|Prokka|UHGG147598_1",2308443,2309975,"+","CDS"
"6",0.00752333333333333,0.00299753968253968,0.00445021645021645,0.209727018550765,"697994","UHGG147598_00643","Anaerobic nitric oxide reductase transcription regulator NorR_697994","Transcriptional regulatory protein DagR","Salmonella typhimurium (strain 14028s / SGSC 2262)","dgaR","gnl|Prokka|UHGG147598_1",696852,699617,"+","CDS"
"20",0.01003,0.00207047619047619,0.00451063492063492,0.228075505466326,"4586192","UHGG147598_04360","hypothetical protein(Uncharacterized protein YgiM_ygiM)_4586192","Uncharacterized protein YgiM","Shigella flexneri","ygiM","gnl|Prokka|UHGG147598_1",4585884,4586504,"+","CDS"
"21",0.00947333333333333,0.00217738095238095,0.00451681096681097,0.189444896385005,"4636313","UHGG147598_04409","Autoinducer 2 import ATP-binding protein LsrA_4636313","Autoinducer 2 import ATP-binding protein LsrA","Klebsiella pneumoniae subsp. pneumoniae (strain ATCC 700721 / MGH 78578)","lsrA","gnl|Prokka|UHGG147598_1",4635183,4636670,"-","CDS"
"13",0.00989,0.00239603174603174,0.00451863636363636,0.211822719179685,"2309315","UHGG147598_02184","hypothetical protein(Deoxyguanosinetriphosphate triphosphohydrolase_dgt)_2309315","Deoxyguanosinetriphosphate triphosphohydrolase","Yersinia enterocolitica serotype O:8 / biotype 1B (strain NCTC 13174 / 8081)","dgt","gnl|Prokka|UHGG147598_1",2308443,2309975,"+","CDS"
"23",0.0109233333333333,0.00259595238095238,0.00498219336219336,0.227845371714629,"4636332","UHGG147598_04409","Autoinducer 2 import ATP-binding protein LsrA_4636332","Autoinducer 2 import ATP-binding protein LsrA","Klebsiella pneumoniae subsp. pneumoniae (strain ATCC 700721 / MGH 78578)","lsrA","gnl|Prokka|UHGG147598_1",4635183,4636670,"-","CDS"
"22",0.0107533333333333,0.00274896825396825,0.00511564935064935,0.236126485239906,"4636331","UHGG147598_04409","Autoinducer 2 import ATP-binding protein LsrA_4636331","Autoinducer 2 import ATP-binding protein LsrA","Klebsiella pneumoniae subsp. pneumoniae (strain ATCC 700721 / MGH 78578)","lsrA","gnl|Prokka|UHGG147598_1",4635183,4636670,"-","CDS"
"18",0.01615,0.0028065873015873,0.00677834776334776,0.33221633183466,"4154489","UHGG147598_03938","Manganese transport system membrane protein MntB_4154489","Manganese transport system membrane protein MntB","Synechocystis sp. (strain PCC 6803 / Kazusa)","mntB","gnl|Prokka|UHGG147598_1",4154064,4154918,"+","CDS"
"8",0.01253,0.00619809523809523,0.00772970418470418,0.357480754429609,"1442839","UHGG147598_01350","Dipeptide transport ATP-binding protein DppD_1442839","Glutathione import ATP-binding protein GsiA","Shigella dysenteriae serotype 1 (strain Sd197)","gsiA","gnl|Prokka|UHGG147598_1",1442677,1443513,"-","CDS"
"24",0.0148766666666667,0.00492182539682539,0.0077806771006771,0.249789627675386,"5138029","UHGG147598_04900","Coenzyme A biosynthesis bifunctional protein CoaBC_5138029","Coenzyme A biosynthesis bifunctional protein CoaBC","Escherichia coli O6:H1 (strain CFT073 / ATCC 700928 / UPEC)","coaBC","gnl|Prokka|UHGG147598_1",5137103,5138320,"+","CDS"
"14",0.01686,0.00486555555555556,0.00822396103896104,0.345387039383045,"2412673","UHGG147598_02298","Pyruvate-flavodoxin oxidoreductase_2412673","Probable pyruvate-flavodoxin oxidoreductase","Escherichia coli (strain K12)","ydbK","gnl|Prokka|UHGG147598_1",2409823,2413350,"-","CDS"
"10",0.0113866666666667,0.00726968253968254,0.0083067316017316,0.309546024762991,"2229855","UHGG147598_02109","hypothetical protein(Serine 3-dehydrogenase_sdh)_2229855","Serine 3-dehydrogenase","Rhizobium radiobacter","sdh","gnl|Prokka|UHGG147598_1",2229414,2230121,"-","CDS"
"7",0.01684,0.00519992063492064,0.00858865800865801,0.380256965894442,"1042191","UHGG147598_00954","Succinate-semialdehyde dehydrogenase [NADP(+)] GabD_1042191","Succinate-semialdehyde dehydrogenase [NADP(+)] GabD","Escherichia coli (strain K12)","gabD","gnl|Prokka|UHGG147598_1",1041834,1043282,"-","CDS"
"9",0.0181266666666667,0.00560992063492063,0.00907508658008658,0.415634600114368,"1934076","UHGG147598_01809","HTH-type transcriptional regulator AppY_1934076","Porin thermoregulatory protein EnvY","Escherichia coli (strain K12)","envY","gnl|Prokka|UHGG147598_1",1933648,1934436,"+","CDS"
"19",0.01325,0.00752722222222222,0.00915178932178932,0.381461808018264,"4569974","UHGG147598_04344","DNA topoisomerase 4 subunit B_4569974","DNA topoisomerase 4 subunit B","Salmonella typhimurium (strain LT2 / SGSC1412 / ATCC 700720)","parE","gnl|Prokka|UHGG147598_1",4568336,4570231,"-","CDS"
"16",0.009,0.0101211111111111,0.00935439393939395,0.48313752823544,"3996382","UHGG147598_03783","L-aspartate oxidase_3996382","L-aspartate oxidase","Escherichia coli (strain K12)","nadB","gnl|Prokka|UHGG147598_1",3995357,3996976,"+","CDS"
"1",0.0200266666666667,0.00503825396825396,0.00971270007770007,0.350453969774636,"379291","UHGG147598_00339","Putative phosphonates utilization ATP-binding protein PhnK_379291","Putative phosphonates utilization ATP-binding protein PhnK","Escherichia coli (strain K12)","phnK","gnl|Prokka|UHGG147598_1",378568,379326,"-","CDS"
"5",0.0134133333333333,0.0113119841269841,0.0116561993561994,0.419435247879056,"476297","UHGG147598_00436","L-ribulose-5-phosphate 3-epimerase UlaE_476297","L-ribulose-5-phosphate 3-epimerase UlaE","Salmonella paratyphi A (strain AKU_12601)","ulaE","gnl|Prokka|UHGG147598_1",475989,476843,"+","CDS"
"4",0.02023,0.00917063492063492,0.0119799567099567,0.396012263690902,"419847","UHGG147598_00379","hypothetical protein(2-C-methyl-D-erythritol 4-phosphate cytidylyltransferase_ispD)_419847","2-C-methyl-D-erythritol 4-phosphate cytidylyltransferase","Yersinia pseudotuberculosis serotype IB (strain PB1/+)","ispD","gnl|Prokka|UHGG147598_1",419805,420668,"-","CDS"
"3",0.01114,0.012854126984127,0.0121069913419914,0.569365181713712,"419832","UHGG147598_00379","hypothetical protein(2-C-methyl-D-erythritol 4-phosphate cytidylyltransferase_ispD)_419832","2-C-methyl-D-erythritol 4-phosphate cytidylyltransferase","Yersinia pseudotuberculosis serotype IB (strain PB1/+)","ispD","gnl|Prokka|UHGG147598_1",419805,420668,"-","CDS"
"17",0.0177333333333333,0.0143354761904762,0.0148540115440116,0.492546410328578,"4142403","UHGG147598_03927","hypothetical protein(Cytochrome c2_)_4142403","Cytochrome c2","Rhodovulum adriaticum","","gnl|Prokka|UHGG147598_1",4142089,4144281,"-","CDS"
"2",0.0169033333333333,0.0218371428571429,0.0198824242424243,0.715536578236006,"419829","UHGG147598_00379","hypothetical protein(2-C-methyl-D-erythritol 4-phosphate cytidylyltransferase_ispD)_419829","2-C-methyl-D-erythritol 4-phosphate cytidylyltransferase","Yersinia pseudotuberculosis serotype IB (strain PB1/+)","ispD","gnl|Prokka|UHGG147598_1",419805,420668,"-","CDS"
"15",0.0381066666666667,0.0174078571428572,0.0222197491397492,0.691896925901754,"2829846","UHGG147598_02701","hypothetical protein(Uncharacterized protein YmjA_ymjA)_2829846","Uncharacterized protein YmjA","Shigella flexneri","ymjA","gnl|Prokka|UHGG147598_1",2829651,2829896,"+","CDS"
"11",0.03914,0.023150634920635,0.0268661255411256,0.688692397404796,"2229858","UHGG147598_02109","hypothetical protein(Serine 3-dehydrogenase_sdh)_2229858","Serine 3-dehydrogenase","Rhizobium radiobacter","sdh","gnl|Prokka|UHGG147598_1",2229414,2230121,"-","CDS"
